timestamp,shift,process,machine,batch_id,product_type,temperature,vibration,speed,pressure,defect
2024-06-01,C,Drilling,DrillX1,B100,P1,71.97,0.47,817.19,79.48,OK
2024-06-01,A,Drilling,DrillX1,B21,P1,81.98,0.41,1068.04,85.98,OK
2024-06-01,A,Machining,CNC1,B76,P5,81.76,0.62,918.76,103.97,Chatter marks
2024-06-01,B,Machining,CNC2,B69,P3,79.09,0.52,632.96,126.11,OK
2024-06-01,C,Drilling,DrillX1,B78,P5,64.8,0.57,851.02,106.23,OK
2024-06-01,C,Machining,CNC1,B28,P3,75.09,0.52,1269.36,79.99,OK
2024-06-01,C,Machining,CNC2,B57,P5,88.11,0.38,718.38,61.25,Excessive burrs
2024-06-01,B,Assembly,AssemLineB,B33,P4,71.49,0.35,1141.83,127.85,OK
2024-06-01,A,Assembly,AssemLineB,B63,P2,63.84,0.42,620.34,101.4,OK
2024-06-01,C,Welding,WeldUnitB,B48,P5,89.85,0.09,1010.38,96.93,OK
2024-06-01,B,Assembly,AssemLineA,B81,P2,80.61,0.91,1247.6,107.36,OK
2024-06-01,A,Packaging,PackLine2,B82,P4,75.72,0.42,1146.41,99.48,OK
2024-06-01,A,Welding,WeldUnitA,B69,P3,70.38,0.71,715.95,129.89,OK
2024-06-01,B,Machining,CNC1,B73,P1,72.0,0.18,829.63,108.19,OK
2024-06-01,C,Packaging,PackLine1,B63,P2,88.53,0.58,1001.42,112.39,OK
2024-06-01,B,Drilling,DrillX1,B12,P4,71.9,0.71,1061.25,117.75,OK
2024-06-01,C,Drilling,DrillX2,B36,P2,70.41,0.47,1115.07,93.94,OK
2024-06-01,C,Welding,WeldUnitA,B3,P3,78.04,0.52,1134.28,91.42,OK
2024-06-01,B,Casting,CastLine2,B82,P3,63.34,0.35,1112.79,114.26,OK
2024-06-01,C,Assembly,AssemLineB,B26,P3,71.91,0.7,954.17,96.6,OK
2024-06-01,C,Drilling,DrillX1,B70,P3,80.73,-0.03,1065.08,99.15,OK
2024-06-01,C,Machining,CNC1,B66,P1,77.76,0.78,964.87,86.94,OK
2024-06-02,A,Packaging,PackLine1,B23,P2,65.73,0.46,996.33,101.5,OK
2024-06-02,A,Coating,CoatBooth1,B28,P2,89.35,0.52,833.1,95.46,OK
2024-06-02,C,Casting,CastLine2,B78,P3,73.23,0.79,821.0,84.74,OK
2024-06-02,B,Casting,CastLine1,B91,P3,65.41,0.71,1191.91,83.97,OK
2024-06-02,A,Casting,CastLine2,B14,P1,70.74,0.59,1214.35,83.76,OK
2024-06-02,B,Packaging,PackLine1,B82,P1,81.9,0.63,1288.58,92.45,Seal failure
2024-06-02,C,Drilling,DrillX1,B74,P5,60.58,0.53,1032.27,108.31,OK
2024-06-02,C,Welding,WeldUnitA,B21,P1,79.6,0.62,1029.77,91.85,OK
2024-06-02,A,Assembly,AssemLineA,B33,P5,68.15,0.51,1075.42,121.77,OK
2024-06-02,B,Machining,CNC1,B2,P3,102.37,0.55,767.45,103.57,OK
2024-06-02,C,Welding,WeldUnitA,B5,P2,74.38,0.67,1124.27,104.28,OK
2024-06-02,B,Welding,WeldUnitA,B91,P2,69.34,0.63,971.22,82.1,OK
2024-06-02,A,Assembly,AssemLineB,B73,P3,44.81,0.28,1259.12,91.91,OK
2024-06-02,C,Assembly,AssemLineB,B55,P1,70.36,0.45,772.83,64.85,OK
2024-06-02,B,Assembly,AssemLineA,B94,P1,75.01,0.58,1257.91,83.4,OK
2024-06-02,A,Machining,CNC2,B46,P1,89.86,0.32,836.71,108.88,OK
2024-06-02,B,Welding,WeldUnitA,B24,P5,92.04,0.3,1178.26,97.8,OK
2024-06-02,A,Machining,CNC2,B38,P3,67.15,0.8,1372.79,101.32,OK
2024-06-02,C,Drilling,DrillX1,B96,P2,76.08,0.21,1040.15,86.17,OK
2024-06-02,B,Welding,WeldUnitA,B83,P2,76.95,0.54,691.47,103.12,OK
2024-06-02,A,Packaging,PackLine1,B86,P4,77.08,0.45,1208.22,106.1,OK
2024-06-02,B,Welding,WeldUnitA,B47,P1,86.42,0.68,1161.43,107.61,OK
2024-06-02,A,Packaging,PackLine2,B39,P1,82.45,0.34,954.94,110.83,OK
2024-06-02,B,Packaging,PackLine1,B58,P3,66.48,0.55,675.33,71.06,OK
2024-06-02,A,Packaging,PackLine1,B3,P1,92.39,0.94,839.39,76.89,OK
2024-06-02,B,Coating,CoatBooth1,B67,P4,82.23,0.53,700.81,101.6,OK
2024-06-02,B,Coating,CoatBooth1,B26,P3,85.67,0.4,764.25,95.56,OK
2024-06-02,C,Packaging,PackLine2,B38,P2,70.51,0.31,1234.48,103.06,OK
2024-06-02,B,Drilling,DrillX1,B34,P3,89.24,0.29,1158.06,127.04,OK
2024-06-03,B,Assembly,AssemLineA,B96,P4,75.99,0.33,1081.43,106.48,OK
2024-06-03,B,Packaging,PackLine1,B76,P2,78.02,0.79,1008.54,114.77,OK
2024-06-03,B,Coating,CoatBooth2,B7,P5,69.59,0.89,1021.79,108.31,OK
2024-06-03,A,Welding,WeldUnitA,B20,P2,75.91,0.65,1074.07,119.84,OK
2024-06-03,C,Assembly,AssemLineA,B92,P2,72.39,0.58,538.24,104.66,OK
2024-06-03,B,Welding,WeldUnitB,B78,P3,79.28,0.5,1080.19,87.24,OK
2024-06-03,B,Welding,WeldUnitA,B42,P3,75.05,0.37,1214.11,131.83,OK
2024-06-03,B,Assembly,AssemLineB,B39,P1,71.95,0.61,1037.96,105.19,OK
2024-06-03,B,Welding,WeldUnitB,B22,P3,72.51,0.65,898.13,111.99,Incomplete fusion
2024-06-03,A,Coating,CoatBooth1,B71,P3,61.65,0.8,690.99,102.72,OK
2024-06-03,C,Coating,CoatBooth2,B82,P5,80.31,0.36,1260.57,76.01,OK
2024-06-03,A,Packaging,PackLine1,B25,P4,63.44,0.32,1309.63,119.63,OK
2024-06-03,C,Casting,CastLine2,B98,P4,73.93,0.39,1255.86,116.21,OK
2024-06-03,C,Machining,CNC2,B33,P2,79.84,0.53,1180.62,101.36,OK
2024-06-03,B,Welding,WeldUnitA,B11,P4,59.92,0.37,901.5,92.91,OK
2024-06-03,A,Welding,WeldUnitA,B47,P2,63.04,0.42,1113.87,87.7,OK
2024-06-03,C,Drilling,DrillX1,B76,P4,73.61,0.02,777.38,107.58,OK
2024-06-03,C,Drilling,DrillX2,B28,P2,76.37,0.23,1108.15,107.05,OK
2024-06-03,B,Drilling,DrillX2,B6,P2,83.91,0.7,897.42,120.43,OK
2024-06-03,C,Casting,CastLine1,B37,P3,86.56,0.32,1533.26,92.7,OK
2024-06-03,C,Casting,CastLine1,B69,P3,82.32,0.66,1154.41,81.82,OK
2024-06-03,B,Drilling,DrillX2,B53,P2,52.71,0.33,891.67,106.6,OK
2024-06-03,B,Machining,CNC2,B74,P4,92.96,0.4,1399.4,102.01,OK
2024-06-03,A,Packaging,PackLine1,B46,P5,79.79,0.65,837.29,115.45,OK
2024-06-03,C,Packaging,PackLine2,B3,P3,77.02,0.55,823.84,101.73,OK
2024-06-03,A,Packaging,PackLine1,B83,P3,62.19,0.46,1007.59,117.98,Seal failure
2024-06-03,C,Drilling,DrillX1,B18,P4,90.3,0.58,814.52,100.8,OK
2024-06-03,A,Assembly,AssemLineB,B69,P5,71.64,0.3,921.58,94.09,Loose joints
2024-06-03,B,Coating,CoatBooth2,B90,P3,71.94,0.68,1098.15,95.32,OK
2024-06-04,B,Packaging,PackLine1,B42,P5,67.72,0.57,1040.84,82.57,Seal failure
2024-06-04,B,Coating,CoatBooth2,B48,P1,83.63,0.3,1025.93,95.21,OK
2024-06-04,C,Casting,CastLine2,B34,P2,83.74,0.42,1089.14,73.73,OK
2024-06-04,C,Welding,WeldUnitB,B20,P3,74.6,0.57,1015.07,81.43,OK
2024-06-04,B,Packaging,PackLine2,B36,P5,71.78,0.48,871.81,100.75,OK
2024-06-04,C,Machining,CNC1,B80,P3,56.53,0.71,1299.7,84.22,Chatter marks
2024-06-04,B,Welding,WeldUnitA,B8,P5,78.72,0.7,1015.68,103.16,Cracks
2024-06-04,C,Assembly,AssemLineA,B100,P1,76.02,0.56,825.15,101.15,OK
2024-06-04,C,Machining,CNC1,B80,P3,87.9,0.47,862.17,106.72,OK
2024-06-04,A,Casting,CastLine1,B24,P4,67.43,0.08,965.02,88.73,OK
2024-06-04,C,Assembly,AssemLineA,B87,P5,70.25,0.75,1123.39,92.92,OK
2024-06-04,C,Packaging,PackLine2,B59,P3,73.67,0.53,1300.69,94.36,Seal failure
2024-06-04,A,Casting,CastLine1,B38,P3,52.59,0.55,1195.78,131.79,OK
2024-06-04,B,Machining,CNC1,B70,P4,66.99,0.25,1261.47,87.27,OK
2024-06-04,C,Welding,WeldUnitA,B10,P3,87.39,0.27,866.44,92.86,OK
2024-06-04,B,Drilling,DrillX1,B33,P3,57.04,0.26,1469.78,116.24,OK
2024-06-04,A,Welding,WeldUnitA,B53,P4,93.44,0.55,879.02,98.8,OK
2024-06-04,A,Welding,WeldUnitA,B10,P4,82.98,0.68,904.53,112.67,OK
2024-06-04,B,Coating,CoatBooth2,B19,P4,60.98,0.86,683.84,106.47,OK
2024-06-04,B,Casting,CastLine2,B63,P2,62.1,0.51,893.79,124.26,OK
2024-06-04,C,Assembly,AssemLineB,B94,P3,73.46,0.51,1247.22,62.93,Misfits
2024-06-04,C,Coating,CoatBooth2,B50,P1,74.95,0.47,648.24,110.27,OK
2024-06-04,A,Assembly,AssemLineA,B67,P4,74.85,0.41,850.58,112.9,OK
2024-06-04,B,Machining,CNC1,B49,P2,74.77,0.6,1028.8,83.81,OK
2024-06-04,B,Coating,CoatBooth1,B74,P2,75.4,0.59,979.39,87.74,Uneven coating
2024-06-04,C,Welding,WeldUnitA,B66,P5,74.18,0.33,1101.71,103.11,OK
2024-06-04,B,Drilling,DrillX1,B59,P2,83.69,0.7,960.95,108.2,OK
2024-06-05,B,Packaging,PackLine1,B29,P1,81.98,0.66,1113.08,124.07,OK
2024-06-05,A,Coating,CoatBooth1,B81,P4,68.23,0.96,1238.88,143.31,OK
2024-06-05,C,Casting,CastLine1,B9,P4,71.07,0.57,1161.5,113.53,OK
2024-06-05,A,Assembly,AssemLineB,B42,P4,74.98,0.43,1307.7,100.5,OK
2024-06-05,C,Machining,CNC1,B7,P2,75.08,0.14,1475.2,83.41,OK
2024-06-05,B,Casting,CastLine2,B87,P5,74.98,0.8,821.69,101.8,OK
2024-06-05,B,Packaging,PackLine2,B57,P1,79.58,0.45,1176.56,91.88,OK
2024-06-05,B,Assembly,AssemLineB,B14,P1,78.78,0.75,991.6,99.57,OK
2024-06-05,C,Machining,CNC1,B87,P5,80.33,0.04,738.08,83.79,OK
2024-06-05,B,Coating,CoatBooth1,B82,P2,73.1,0.33,1257.21,102.71,OK
2024-06-05,C,Assembly,AssemLineB,B65,P1,81.2,0.45,941.09,102.99,OK
2024-06-05,C,Coating,CoatBooth1,B57,P2,70.31,0.8,1248.85,92.67,OK
2024-06-05,B,Assembly,AssemLineB,B79,P3,86.13,0.64,759.74,81.66,OK
2024-06-05,C,Packaging,PackLine1,B81,P5,98.12,0.18,1022.42,106.84,OK
2024-06-05,C,Casting,CastLine2,B92,P4,78.1,0.53,1109.7,102.24,OK
2024-06-05,C,Drilling,DrillX1,B34,P2,77.3,0.44,1147.41,83.66,OK
2024-06-05,C,Assembly,AssemLineB,B100,P2,62.94,0.4,709.59,97.19,OK
2024-06-05,C,Assembly,AssemLineB,B61,P1,78.63,0.42,887.0,91.35,OK
2024-06-05,B,Machining,CNC2,B13,P4,97.3,0.35,1369.29,95.45,OK
2024-06-05,C,Packaging,PackLine1,B59,P2,68.22,0.49,1062.56,101.17,OK
2024-06-06,C,Welding,WeldUnitB,B53,P4,66.9,0.75,1388.68,95.22,OK
2024-06-06,C,Drilling,DrillX1,B55,P3,66.26,0.51,878.11,106.86,OK
2024-06-06,A,Drilling,DrillX2,B12,P3,78.5,0.81,953.61,97.22,OK
2024-06-06,A,Packaging,PackLine2,B12,P5,76.95,0.74,956.08,108.32,OK
2024-06-06,B,Casting,CastLine2,B11,P2,78.3,0.03,1031.35,89.57,OK
2024-06-06,C,Assembly,AssemLineB,B18,P2,73.9,0.59,1123.51,70.56,OK
2024-06-06,A,Coating,CoatBooth1,B82,P4,69.49,0.62,1394.51,79.95,OK
2024-06-06,C,Coating,CoatBooth2,B72,P1,97.97,0.72,991.06,108.08,Uneven coating
2024-06-06,B,Assembly,AssemLineA,B31,P1,76.4,0.36,822.55,101.64,OK
2024-06-06,C,Machining,CNC1,B97,P3,67.11,0.66,1056.79,101.18,OK
2024-06-06,C,Assembly,AssemLineA,B66,P1,76.31,0.38,813.19,99.09,OK
2024-06-06,A,Machining,CNC1,B58,P1,75.78,0.34,966.51,87.63,OK
2024-06-06,C,Assembly,AssemLineA,B26,P4,73.03,0.35,1175.89,114.06,OK
2024-06-06,C,Welding,WeldUnitB,B39,P5,72.48,0.63,873.38,72.36,OK
2024-06-06,B,Machining,CNC1,B74,P5,70.33,0.75,1021.02,101.84,Excessive burrs
2024-06-06,C,Machining,CNC1,B32,P1,73.32,0.24,651.92,120.94,Chatter marks
2024-06-06,A,Assembly,AssemLineA,B73,P3,80.92,0.56,1058.95,104.82,OK
2024-06-06,A,Drilling,DrillX1,B19,P3,71.18,0.59,1170.53,99.75,OK
2024-06-06,B,Welding,WeldUnitA,B36,P2,63.85,0.72,1093.34,104.07,OK
2024-06-06,C,Packaging,PackLine2,B34,P5,73.24,0.34,1386.78,80.97,OK
2024-06-06,B,Drilling,DrillX1,B61,P4,67.61,0.96,788.36,97.74,OK
2024-06-07,B,Assembly,AssemLineB,B19,P3,84.26,0.58,826.1,80.78,OK
2024-06-07,A,Machining,CNC1,B25,P3,80.0,0.13,744.03,98.97,OK
2024-06-07,C,Welding,WeldUnitB,B22,P4,62.64,0.43,1351.56,125.11,OK
2024-06-07,C,Drilling,DrillX1,B78,P3,66.75,0.75,466.34,53.43,OK
2024-06-07,C,Welding,WeldUnitA,B71,P2,44.16,0.39,1098.62,100.74,OK
2024-06-07,B,Casting,CastLine1,B67,P3,83.04,0.42,1149.89,110.48,OK
2024-06-07,A,Coating,CoatBooth1,B26,P1,72.68,0.59,1228.73,115.46,OK
2024-06-07,A,Assembly,AssemLineB,B57,P4,71.62,0.63,1206.15,102.8,OK
2024-06-07,B,Packaging,PackLine1,B57,P5,65.19,0.83,929.68,100.54,OK
2024-06-07,A,Assembly,AssemLineB,B91,P5,63.57,0.52,1133.31,121.49,OK
2024-06-07,B,Assembly,AssemLineA,B64,P2,87.96,0.74,1136.89,89.55,OK
2024-06-07,C,Coating,CoatBooth1,B97,P4,92.15,0.67,813.13,99.93,Paint chipping
2024-06-07,A,Casting,CastLine2,B25,P5,74.9,0.41,987.2,78.89,Shrinkage
2024-06-07,A,Casting,CastLine2,B52,P3,63.66,0.44,1259.63,128.54,OK
2024-06-07,B,Machining,CNC1,B98,P5,73.55,0.66,1102.46,107.53,OK
2024-06-07,C,Welding,WeldUnitB,B35,P1,75.13,0.46,973.89,68.76,OK
2024-06-07,B,Casting,CastLine2,B40,P2,89.6,0.7,973.18,89.41,OK
2024-06-07,B,Packaging,PackLine1,B20,P2,85.12,0.57,1163.87,108.28,Seal failure
2024-06-07,B,Packaging,PackLine1,B98,P4,87.4,0.63,1041.49,89.22,OK
2024-06-07,C,Machining,CNC1,B47,P3,55.24,0.66,994.42,105.62,Excessive burrs
2024-06-07,C,Drilling,DrillX1,B15,P1,70.94,0.27,902.82,93.66,OK
2024-06-07,B,Machining,CNC1,B8,P3,62.81,0.41,988.7,131.64,OK
2024-06-07,B,Coating,CoatBooth2,B12,P4,64.28,0.47,706.95,102.47,OK
2024-06-07,C,Coating,CoatBooth1,B98,P1,64.03,0.44,986.45,74.81,OK
2024-06-07,B,Packaging,PackLine2,B14,P4,98.21,0.82,1068.12,101.76,OK
2024-06-07,B,Assembly,AssemLineA,B72,P3,91.34,0.7,963.01,102.07,OK
2024-06-07,C,Casting,CastLine2,B85,P5,73.68,0.34,1104.07,121.21,OK
2024-06-07,A,Machining,CNC2,B23,P2,92.42,0.75,1051.21,88.7,OK
2024-06-07,A,Welding,WeldUnitA,B96,P1,75.86,0.5,766.81,115.45,OK
2024-06-07,C,Drilling,DrillX1,B93,P2,86.42,0.84,1091.16,72.68,OK
2024-06-08,C,Machining,CNC1,B91,P2,67.7,0.56,1311.09,147.97,OK
2024-06-08,B,Packaging,PackLine2,B5,P2,68.45,0.08,883.18,106.0,OK
2024-06-08,A,Packaging,PackLine2,B37,P5,68.64,0.34,762.85,76.46,OK
2024-06-08,A,Coating,CoatBooth2,B42,P1,58.74,0.73,855.89,96.27,OK
2024-06-08,B,Welding,WeldUnitA,B55,P4,75.9,0.25,867.75,121.36,OK
2024-06-08,C,Packaging,PackLine2,B55,P3,74.27,0.09,1296.83,107.79,OK
2024-06-08,A,Drilling,DrillX2,B31,P2,82.67,0.31,1285.37,89.9,OK
2024-06-08,A,Packaging,PackLine2,B1,P2,71.21,0.58,1035.09,106.99,OK
2024-06-08,A,Casting,CastLine2,B76,P4,78.55,0.79,1152.02,86.65,OK
2024-06-08,A,Drilling,DrillX1,B58,P1,80.42,0.6,915.23,70.3,OK
2024-06-08,A,Packaging,PackLine2,B86,P4,75.38,0.3,1061.41,112.17,OK
2024-06-08,A,Casting,CastLine2,B26,P1,86.13,0.61,873.13,78.04,OK
2024-06-08,C,Packaging,PackLine1,B2,P2,79.38,0.84,882.4,89.42,OK
2024-06-08,A,Machining,CNC1,B73,P2,69.0,0.48,793.42,121.78,Excessive burrs
2024-06-08,B,Drilling,DrillX2,B7,P2,64.74,0.52,1324.14,125.74,OK
2024-06-08,A,Drilling,DrillX2,B66,P3,82.55,0.71,1213.71,84.99,OK
2024-06-08,A,Casting,CastLine2,B71,P5,82.68,0.63,1191.35,111.49,OK
2024-06-08,A,Casting,CastLine2,B35,P3,69.51,0.15,1032.16,75.51,OK
2024-06-08,B,Drilling,DrillX1,B63,P1,86.78,0.3,1050.31,103.86,Misaligned holes
2024-06-08,C,Packaging,PackLine1,B93,P3,75.1,0.7,503.55,85.46,OK
2024-06-08,C,Casting,CastLine2,B48,P4,80.71,-0.01,1001.01,136.79,OK
2024-06-08,C,Casting,CastLine2,B37,P5,59.5,0.82,728.98,84.17,OK
2024-06-08,A,Machining,CNC1,B41,P5,62.7,0.46,1011.08,97.45,OK
2024-06-08,A,Assembly,AssemLineB,B79,P3,66.37,0.55,628.04,82.9,OK
2024-06-08,A,Coating,CoatBooth1,B95,P3,79.73,0.64,739.05,67.11,OK
2024-06-08,A,Welding,WeldUnitB,B21,P2,77.38,0.41,678.85,125.05,Weld joint failure
2024-06-08,C,Packaging,PackLine2,B31,P3,73.79,0.38,1149.52,104.96,OK
2024-06-08,B,Packaging,PackLine1,B97,P2,84.9,0.26,828.99,97.85,OK
2024-06-08,C,Machining,CNC1,B57,P4,72.12,0.49,1218.63,105.58,OK
2024-06-09,C,Coating,CoatBooth2,B21,P3,63.05,0.68,1291.56,84.14,OK
2024-06-09,A,Casting,CastLine1,B67,P2,58.34,0.46,655.77,53.09,OK
2024-06-09,B,Coating,CoatBooth2,B33,P2,67.54,0.29,965.66,92.99,OK
2024-06-09,C,Welding,WeldUnitA,B5,P5,60.07,0.78,595.48,107.2,OK
2024-06-09,B,Casting,CastLine2,B67,P5,77.01,0.02,1422.23,88.84,OK
2024-06-09,B,Coating,CoatBooth2,B13,P1,69.01,0.47,1064.74,84.07,Uneven coating
2024-06-09,C,Casting,CastLine2,B89,P2,93.18,0.4,1033.74,117.41,OK
2024-06-09,C,Welding,WeldUnitA,B63,P2,75.7,0.19,992.72,90.46,OK
2024-06-09,B,Assembly,AssemLineB,B45,P4,73.76,0.76,694.77,91.03,OK
2024-06-09,A,Welding,WeldUnitA,B44,P5,66.33,0.62,706.73,115.83,OK
2024-06-09,A,Casting,CastLine1,B89,P2,87.27,0.41,870.95,105.69,OK
2024-06-09,B,Assembly,AssemLineB,B70,P4,71.89,0.41,1481.65,92.38,OK
2024-06-09,B,Assembly,AssemLineA,B98,P1,75.53,0.57,891.17,118.3,OK
2024-06-09,C,Drilling,DrillX2,B75,P4,61.29,0.3,1031.19,115.14,OK
2024-06-09,B,Packaging,PackLine2,B77,P1,85.62,0.64,575.7,94.86,OK
2024-06-09,B,Machining,CNC1,B93,P4,66.34,0.73,832.5,81.86,OK
2024-06-09,C,Casting,CastLine2,B88,P3,63.64,0.56,1117.6,94.03,OK
2024-06-09,A,Packaging,PackLine1,B74,P4,80.49,0.38,1009.44,77.89,OK
2024-06-09,A,Machining,CNC2,B12,P3,79.71,0.36,677.67,97.67,OK
2024-06-09,B,Assembly,AssemLineA,B86,P1,58.76,0.69,912.76,124.54,OK
2024-06-09,C,Packaging,PackLine2,B5,P4,67.33,0.62,635.38,104.93,OK
2024-06-09,C,Assembly,AssemLineB,B8,P1,92.97,0.55,923.46,109.09,OK
2024-06-09,C,Welding,WeldUnitB,B27,P5,74.05,0.56,802.93,123.51,OK
2024-06-09,B,Assembly,AssemLineA,B79,P5,88.12,-0.22,955.57,103.29,OK
2024-06-09,C,Casting,CastLine2,B26,P4,65.2,0.41,942.62,79.4,OK
2024-06-09,A,Drilling,DrillX2,B39,P1,77.96,0.49,1033.57,121.39,OK
2024-06-09,C,Welding,WeldUnitA,B91,P3,87.97,0.57,847.85,73.48,OK
2024-06-10,A,Casting,CastLine2,B56,P2,83.73,0.24,997.86,81.02,OK
2024-06-10,B,Casting,CastLine1,B37,P5,72.83,0.88,1389.65,96.25,OK
2024-06-10,A,Welding,WeldUnitA,B27,P1,69.18,0.64,923.27,94.83,OK
2024-06-10,A,Assembly,AssemLineB,B29,P5,76.11,0.64,1198.44,90.8,OK
2024-06-10,A,Machining,CNC2,B97,P5,67.94,0.41,963.06,92.42,OK
2024-06-10,B,Drilling,DrillX1,B71,P3,96.81,0.62,688.06,102.48,OK
2024-06-10,B,Machining,CNC1,B33,P5,82.23,0.77,1027.6,86.55,OK
2024-06-10,B,Assembly,AssemLineA,B19,P2,69.4,0.6,1069.17,87.5,OK
2024-06-10,C,Drilling,DrillX1,B36,P4,77.29,0.4,1306.41,89.78,Misaligned holes
2024-06-10,C,Drilling,DrillX1,B71,P1,65.42,0.39,914.24,100.37,OK
2024-06-10,C,Assembly,AssemLineB,B92,P5,73.46,0.4,952.25,124.97,OK
2024-06-10,B,Machining,CNC2,B77,P3,92.03,0.49,1031.9,95.08,OK
2024-06-10,B,Coating,CoatBooth1,B66,P4,69.9,0.63,675.03,126.04,OK
2024-06-10,C,Packaging,PackLine1,B62,P4,94.42,0.52,1160.49,102.72,OK
2024-06-10,B,Machining,CNC1,B31,P5,78.62,0.55,1039.56,82.17,Excessive burrs
2024-06-10,A,Welding,WeldUnitA,B87,P3,68.1,0.08,879.99,115.44,Cracks
2024-06-10,C,Packaging,PackLine1,B69,P1,83.51,0.39,811.29,107.11,OK
2024-06-10,C,Casting,CastLine2,B19,P3,68.66,0.66,1075.78,88.7,OK
2024-06-10,A,Coating,CoatBooth1,B62,P1,44.1,0.19,1069.24,100.29,OK
2024-06-10,A,Packaging,PackLine1,B11,P3,73.57,0.57,1062.39,99.66,OK
2024-06-10,B,Coating,CoatBooth1,B76,P1,64.55,0.53,968.4,94.7,Paint chipping
2024-06-10,B,Coating,CoatBooth1,B47,P2,61.21,0.61,1249.93,106.25,OK
2024-06-10,B,Coating,CoatBooth2,B3,P3,84.07,0.72,901.86,99.7,OK
2024-06-10,B,Welding,WeldUnitA,B69,P4,84.44,0.14,844.95,102.44,OK
2024-06-10,B,Machining,CNC2,B33,P4,82.86,0.72,1005.87,87.37,OK
2024-06-10,C,Casting,CastLine2,B51,P2,80.09,0.56,783.28,92.66,OK
2024-06-10,A,Machining,CNC2,B69,P5,81.41,0.29,867.87,99.01,OK
2024-06-11,A,Casting,CastLine2,B91,P5,64.67,0.77,1323.77,87.78,OK
2024-06-11,B,Assembly,AssemLineB,B37,P1,81.71,0.29,978.67,118.6,OK
2024-06-11,A,Drilling,DrillX2,B44,P1,77.13,0.81,926.4,83.31,OK
2024-06-11,A,Drilling,DrillX2,B45,P1,77.52,0.73,1066.79,82.36,OK
2024-06-11,A,Assembly,AssemLineA,B40,P3,75.31,0.51,995.74,96.43,OK
2024-06-11,A,Packaging,PackLine1,B57,P2,74.92,0.43,1059.84,102.18,OK
2024-06-11,A,Welding,WeldUnitB,B14,P1,61.66,0.55,772.04,82.71,Cracks
2024-06-11,A,Casting,CastLine2,B32,P1,64.31,0.39,993.1,111.84,OK
2024-06-11,B,Coating,CoatBooth2,B46,P5,80.81,0.64,754.9,80.78,Uneven coating
2024-06-11,A,Casting,CastLine1,B98,P4,88.16,0.6,883.4,87.9,Porosity
2024-06-11,A,Drilling,DrillX1,B34,P2,80.02,0.38,1296.64,81.01,OK
2024-06-11,C,Machining,CNC2,B84,P4,72.67,0.43,1170.52,110.94,OK
2024-06-11,B,Machining,CNC2,B40,P3,63.09,0.4,883.63,106.77,OK
2024-06-11,C,Assembly,AssemLineB,B48,P2,89.47,0.58,1362.82,87.3,OK
2024-06-11,C,Assembly,AssemLineB,B73,P2,79.48,0.77,1223.24,81.57,Misfits
2024-06-11,B,Welding,WeldUnitA,B98,P1,68.91,0.75,1224.94,91.58,Incomplete fusion
2024-06-11,C,Coating,CoatBooth2,B49,P1,82.94,0.18,930.92,100.36,OK
2024-06-11,C,Casting,CastLine1,B31,P3,80.81,0.37,808.92,108.5,OK
2024-06-11,C,Drilling,DrillX1,B69,P1,97.54,0.23,894.1,115.24,OK
2024-06-11,B,Welding,WeldUnitA,B59,P1,53.78,0.56,685.68,95.31,OK
2024-06-11,A,Casting,CastLine1,B55,P5,69.62,0.39,920.05,93.09,OK
2024-06-11,B,Packaging,PackLine2,B87,P2,69.34,0.42,1184.0,106.86,Seal failure
2024-06-11,A,Drilling,DrillX2,B88,P5,79.82,0.87,1027.04,86.41,OK
2024-06-11,A,Casting,CastLine1,B29,P4,65.37,0.55,1084.41,99.06,OK
2024-06-12,C,Machining,CNC1,B93,P2,81.19,0.54,807.01,106.32,OK
2024-06-12,C,Welding,WeldUnitB,B64,P4,78.78,0.36,924.31,83.15,OK
2024-06-12,C,Assembly,AssemLineA,B13,P4,55.56,0.68,1102.68,96.34,OK
2024-06-12,C,Assembly,AssemLineB,B17,P4,82.28,0.52,906.93,106.54,Loose joints
2024-06-12,B,Coating,CoatBooth1,B73,P5,64.66,0.2,1010.23,104.96,Uneven coating
2024-06-12,B,Assembly,AssemLineB,B56,P1,74.49,0.74,811.95,85.35,OK
2024-06-12,C,Welding,WeldUnitB,B78,P5,76.38,0.35,1157.45,96.83,OK
2024-06-12,C,Welding,WeldUnitB,B97,P2,64.29,0.52,959.09,103.2,Incomplete fusion
2024-06-12,A,Machining,CNC1,B77,P3,76.75,0.38,1243.0,93.03,OK
2024-06-12,A,Welding,WeldUnitB,B45,P3,84.37,0.46,1029.21,118.83,OK
2024-06-12,A,Coating,CoatBooth2,B68,P2,75.22,0.12,1202.3,83.26,OK
2024-06-12,A,Machining,CNC1,B42,P4,67.37,0.52,956.96,111.8,Chatter marks
2024-06-12,A,Casting,CastLine1,B39,P4,72.22,0.72,1282.4,85.82,OK
2024-06-12,B,Machining,CNC1,B34,P4,77.82,0.34,1088.3,99.31,OK
2024-06-12,B,Welding,WeldUnitB,B94,P3,83.9,0.77,902.13,137.58,OK
2024-06-12,C,Packaging,PackLine2,B64,P3,66.42,0.57,825.65,101.06,Seal failure
2024-06-12,A,Coating,CoatBooth2,B66,P4,81.75,0.37,907.66,106.29,OK
2024-06-12,C,Coating,CoatBooth1,B16,P2,75.98,0.69,988.37,83.11,OK
2024-06-12,A,Coating,CoatBooth1,B40,P2,76.12,0.61,623.21,108.33,OK
2024-06-12,B,Machining,CNC1,B80,P3,103.06,0.17,935.5,141.07,Excessive burrs
2024-06-12,C,Assembly,AssemLineA,B23,P3,86.02,0.26,1148.4,86.68,OK
2024-06-12,A,Casting,CastLine1,B60,P3,78.0,0.68,1073.17,110.65,OK
2024-06-12,C,Packaging,PackLine1,B90,P4,76.36,0.52,884.1,94.93,OK
2024-06-12,A,Welding,WeldUnitA,B12,P1,51.7,0.64,1107.4,118.01,OK
2024-06-12,A,Machining,CNC1,B90,P2,86.69,0.62,997.63,92.55,Chatter marks
2024-06-13,B,Coating,CoatBooth1,B14,P4,88.38,0.03,990.69,75.41,OK
2024-06-13,B,Casting,CastLine1,B12,P3,76.82,0.53,1001.49,102.38,OK
2024-06-13,B,Casting,CastLine1,B96,P2,93.68,0.31,681.84,112.17,OK
2024-06-13,C,Casting,CastLine1,B59,P4,80.98,0.32,950.5,105.15,OK
2024-06-13,A,Drilling,DrillX1,B42,P2,64.54,0.47,1102.67,88.25,Tool wear
2024-06-13,C,Coating,CoatBooth1,B76,P4,77.69,0.68,1023.31,99.89,OK
2024-06-13,B,Coating,CoatBooth1,B25,P4,73.45,0.63,808.38,75.5,Paint chipping
2024-06-13,B,Machining,CNC1,B22,P3,64.64,0.34,1079.77,86.4,OK
2024-06-13,C,Assembly,AssemLineA,B72,P4,82.29,0.59,947.79,103.27,Misfits
2024-06-13,A,Casting,CastLine2,B4,P2,93.39,0.41,906.17,97.37,OK
2024-06-13,A,Casting,CastLine1,B18,P5,67.54,0.17,1050.55,115.04,OK
2024-06-13,C,Assembly,AssemLineB,B38,P2,73.46,0.27,1023.25,80.38,OK
2024-06-13,A,Drilling,DrillX2,B57,P4,72.71,0.65,861.07,131.48,OK
2024-06-13,B,Casting,CastLine1,B20,P2,69.56,0.35,804.38,89.81,Surface blisters
2024-06-13,B,Casting,CastLine1,B84,P4,80.18,0.48,1107.6,85.26,OK
2024-06-13,A,Machining,CNC2,B10,P4,53.49,0.1,1391.99,90.9,OK
2024-06-13,B,Assembly,AssemLineB,B67,P3,85.23,0.84,1285.06,93.3,OK
2024-06-13,A,Welding,WeldUnitA,B87,P2,92.49,0.63,687.68,98.92,Cracks
2024-06-13,C,Assembly,AssemLineB,B7,P5,88.75,0.35,732.85,106.52,OK
2024-06-13,A,Machining,CNC1,B14,P3,68.76,0.66,1235.05,98.7,OK
2024-06-13,C,Welding,WeldUnitB,B7,P3,86.73,0.39,906.12,114.69,OK
2024-06-13,A,Machining,CNC2,B64,P3,96.63,0.54,992.81,83.77,Excessive burrs
2024-06-13,B,Drilling,DrillX1,B33,P1,69.45,0.52,1039.46,134.34,OK
2024-06-14,A,Assembly,AssemLineA,B92,P2,78.79,0.56,848.05,75.66,OK
2024-06-14,A,Drilling,DrillX2,B41,P4,83.59,0.5,1233.87,81.54,OK
2024-06-14,C,Packaging,PackLine2,B47,P5,81.95,0.34,702.61,70.84,OK
2024-06-14,A,Assembly,AssemLineB,B89,P3,83.51,0.75,1166.56,127.82,OK
2024-06-14,B,Machining,CNC1,B5,P2,81.88,0.7,1119.6,91.61,OK
2024-06-14,C,Drilling,DrillX2,B66,P2,76.32,0.95,674.33,79.07,OK
2024-06-14,B,Casting,CastLine2,B99,P3,81.31,0.13,1746.44,106.6,OK
2024-06-14,A,Packaging,PackLine1,B12,P5,58.0,0.64,1078.94,106.5,OK
2024-06-14,C,Assembly,AssemLineA,B75,P1,88.16,0.65,950.64,95.88,Loose joints
2024-06-14,B,Assembly,AssemLineB,B45,P5,66.68,0.63,961.93,80.45,OK
2024-06-14,A,Packaging,PackLine1,B77,P2,76.6,0.24,869.22,99.15,OK
2024-06-14,A,Coating,CoatBooth2,B81,P4,58.49,0.28,867.2,78.44,OK
2024-06-14,C,Assembly,AssemLineB,B26,P3,63.52,0.57,769.0,117.7,OK
2024-06-14,C,Drilling,DrillX1,B25,P4,90.16,0.34,1248.7,92.87,OK
2024-06-14,A,Machining,CNC1,B67,P5,77.39,0.65,1293.3,123.88,OK
2024-06-14,B,Casting,CastLine1,B60,P5,79.58,0.23,1176.11,93.16,OK
2024-06-14,B,Drilling,DrillX1,B29,P1,80.81,0.26,997.15,128.3,OK
2024-06-14,A,Assembly,AssemLineA,B17,P4,84.8,0.46,805.46,121.75,OK
2024-06-14,C,Welding,WeldUnitA,B30,P3,93.1,0.77,691.22,107.02,OK
2024-06-14,A,Assembly,AssemLineB,B21,P5,77.63,0.28,1315.52,137.24,OK
2024-06-15,C,Coating,CoatBooth2,B30,P4,70.88,0.47,1126.31,99.91,OK
2024-06-15,C,Welding,WeldUnitB,B44,P1,76.18,0.45,889.17,112.52,Cracks
2024-06-15,A,Machining,CNC1,B95,P2,89.48,0.54,1066.07,94.41,Excessive burrs
2024-06-15,B,Packaging,PackLine2,B36,P2,79.93,0.34,970.69,129.62,Seal failure
2024-06-15,C,Packaging,PackLine1,B5,P3,72.9,0.79,1144.13,102.84,OK
2024-06-15,B,Coating,CoatBooth2,B18,P1,83.05,0.71,1146.72,109.69,OK
2024-06-15,A,Packaging,PackLine1,B69,P2,66.17,0.48,1515.22,100.91,OK
2024-06-15,C,Casting,CastLine2,B84,P1,71.14,0.57,869.84,97.55,OK
2024-06-15,B,Welding,WeldUnitA,B41,P2,65.49,0.59,956.02,98.34,OK
2024-06-15,C,Welding,WeldUnitB,B52,P1,59.03,0.63,1310.74,84.89,OK
2024-06-15,A,Coating,CoatBooth2,B27,P3,59.99,0.52,1318.23,91.07,OK
2024-06-15,B,Drilling,DrillX1,B79,P4,77.14,0.68,1081.04,110.58,OK
2024-06-15,C,Packaging,PackLine2,B57,P1,83.02,0.15,895.27,89.86,OK
2024-06-15,A,Assembly,AssemLineB,B95,P2,78.84,0.61,1038.11,100.14,OK
2024-06-15,A,Drilling,DrillX2,B10,P4,66.08,0.56,952.79,99.25,OK
2024-06-15,C,Welding,WeldUnitB,B72,P2,62.89,0.79,625.94,82.03,Weld joint failure
2024-06-15,A,Assembly,AssemLineB,B85,P1,79.31,0.4,1307.76,73.65,OK
2024-06-15,B,Welding,WeldUnitB,B39,P3,77.89,0.59,745.94,117.95,OK
2024-06-15,A,Coating,CoatBooth2,B46,P3,66.14,0.7,647.86,94.92,OK
2024-06-15,B,Coating,CoatBooth2,B8,P1,73.56,0.34,1141.63,113.28,OK
2024-06-15,A,Packaging,PackLine2,B47,P2,79.78,0.84,1145.7,126.83,OK
2024-06-15,B,Coating,CoatBooth2,B86,P1,75.77,0.41,1356.32,100.5,OK
2024-06-15,C,Packaging,PackLine1,B49,P4,84.2,0.57,1062.64,103.04,OK
2024-06-15,A,Assembly,AssemLineA,B20,P2,86.55,0.3,1325.44,87.75,OK
2024-06-15,A,Packaging,PackLine2,B1,P3,59.02,0.74,1198.09,100.78,OK
2024-06-15,B,Packaging,PackLine1,B19,P3,67.22,0.78,1031.26,104.62,OK
2024-06-15,C,Coating,CoatBooth1,B15,P2,72.45,0.42,870.53,107.5,OK
2024-06-15,B,Coating,CoatBooth1,B5,P2,77.8,0.37,1217.76,107.32,OK
2024-06-15,A,Machining,CNC2,B12,P4,60.47,0.9,1186.54,114.49,OK
2024-06-16,B,Casting,CastLine1,B97,P2,75.58,0.33,771.35,97.78,OK
2024-06-16,A,Packaging,PackLine2,B20,P4,78.14,0.85,530.43,91.51,OK
2024-06-16,A,Casting,CastLine2,B94,P3,94.7,0.22,1018.66,105.76,OK
2024-06-16,B,Casting,CastLine2,B64,P5,60.99,0.7,725.13,74.85,OK
2024-06-16,A,Packaging,PackLine2,B96,P1,70.54,0.74,1037.97,45.78,Label misprint
2024-06-16,A,Machining,CNC1,B60,P1,80.29,0.67,978.56,86.43,OK
2024-06-16,C,Drilling,DrillX1,B70,P2,80.48,0.6,1014.22,102.69,OK
2024-06-16,B,Packaging,PackLine1,B12,P4,45.57,0.82,1124.51,82.64,OK
2024-06-16,C,Welding,WeldUnitB,B27,P5,66.61,0.61,1079.03,83.61,OK
2024-06-16,A,Packaging,PackLine2,B99,P5,97.63,0.48,1155.25,84.93,Seal failure
2024-06-16,B,Welding,WeldUnitA,B50,P1,73.49,0.58,1126.74,112.91,OK
2024-06-16,A,Assembly,AssemLineA,B53,P4,64.6,0.31,1139.26,114.52,OK
2024-06-16,A,Assembly,AssemLineB,B21,P3,84.95,0.17,1194.06,114.62,OK
2024-06-16,B,Assembly,AssemLineB,B1,P1,59.27,0.6,1116.33,114.08,OK
2024-06-16,B,Casting,CastLine1,B7,P1,71.76,0.18,826.61,96.19,OK
2024-06-16,A,Welding,WeldUnitB,B94,P3,80.72,0.77,1422.72,107.21,OK
2024-06-16,A,Coating,CoatBooth1,B1,P1,88.02,0.79,1162.16,120.87,OK
2024-06-16,B,Machining,CNC2,B32,P1,73.64,0.62,1101.84,95.32,OK
2024-06-16,B,Assembly,AssemLineA,B3,P2,73.58,0.4,1075.45,107.23,OK
2024-06-16,B,Packaging,PackLine1,B51,P4,83.03,0.39,1298.64,81.23,Seal failure
2024-06-16,C,Coating,CoatBooth2,B64,P1,79.95,0.65,1089.64,95.51,OK
2024-06-16,B,Welding,WeldUnitA,B87,P3,87.79,0.43,1254.02,97.84,OK
2024-06-16,C,Welding,WeldUnitA,B92,P5,73.03,0.18,993.14,127.78,OK
2024-06-16,B,Welding,WeldUnitA,B39,P2,76.25,0.55,975.08,110.11,OK
2024-06-16,A,Coating,CoatBooth2,B43,P5,74.56,0.77,1053.11,68.41,OK
2024-06-16,A,Assembly,AssemLineA,B88,P3,60.64,0.26,1073.76,112.74,OK
2024-06-16,C,Coating,CoatBooth2,B91,P2,66.89,0.45,1195.79,102.36,OK
2024-06-16,B,Casting,CastLine1,B98,P3,73.48,0.64,955.04,112.2,OK
2024-06-16,C,Coating,CoatBooth2,B28,P3,75.95,0.45,1429.55,112.09,OK
2024-06-16,A,Casting,CastLine2,B65,P5,71.86,0.62,794.59,93.29,OK
2024-06-17,B,Assembly,AssemLineB,B52,P2,84.92,0.21,895.64,113.94,OK
2024-06-17,C,Coating,CoatBooth2,B65,P3,65.49,0.47,1121.78,103.94,OK
2024-06-17,C,Assembly,AssemLineA,B16,P4,73.85,0.48,841.43,99.86,OK
2024-06-17,A,Welding,WeldUnitB,B68,P3,76.33,0.53,768.41,77.71,OK
2024-06-17,B,Assembly,AssemLineB,B98,P2,57.58,0.96,1068.31,82.77,OK
2024-06-17,C,Packaging,PackLine2,B93,P4,72.1,0.5,546.76,104.5,OK
2024-06-17,C,Welding,WeldUnitB,B31,P3,62.5,0.51,1407.84,116.73,Weld joint failure
2024-06-17,B,Drilling,DrillX1,B68,P2,84.3,0.24,831.77,115.14,OK
2024-06-17,A,Drilling,DrillX2,B46,P2,80.33,0.32,973.57,110.65,Misaligned holes
2024-06-17,A,Machining,CNC2,B24,P4,73.41,0.55,877.36,83.62,OK
2024-06-17,B,Drilling,DrillX1,B6,P5,73.48,0.49,1356.33,117.01,OK
2024-06-17,C,Drilling,DrillX1,B2,P3,73.53,0.67,1145.88,90.92,OK
2024-06-17,C,Coating,CoatBooth1,B43,P5,67.76,0.57,777.69,112.07,OK
2024-06-17,A,Welding,WeldUnitB,B12,P5,72.64,0.57,1095.38,116.3,OK
2024-06-17,A,Coating,CoatBooth1,B94,P1,62.53,0.72,1094.9,112.76,OK
2024-06-17,A,Drilling,DrillX1,B61,P1,90.38,0.77,519.48,98.76,OK
2024-06-17,C,Assembly,AssemLineA,B44,P2,56.77,0.42,1294.68,115.97,OK
2024-06-17,C,Casting,CastLine1,B40,P4,53.39,0.47,1047.48,104.19,OK
2024-06-17,B,Packaging,PackLine1,B59,P5,51.48,0.82,976.84,122.57,OK
2024-06-17,C,Casting,CastLine1,B87,P2,49.59,0.31,1020.98,101.35,OK
2024-06-17,C,Welding,WeldUnitA,B55,P3,89.44,0.53,1043.78,98.65,OK
2024-06-17,C,Casting,CastLine2,B64,P4,82.54,0.42,1285.38,96.06,Porosity
2024-06-17,A,Drilling,DrillX1,B3,P4,77.2,0.29,989.81,120.95,OK
2024-06-17,C,Machining,CNC1,B33,P3,76.42,0.3,798.05,136.23,OK
2024-06-17,A,Drilling,DrillX2,B40,P4,79.22,0.61,1187.17,83.68,OK
2024-06-17,A,Drilling,DrillX2,B78,P2,79.01,0.95,630.38,96.58,OK
2024-06-17,C,Casting,CastLine1,B84,P3,80.9,0.68,1027.72,111.23,Porosity
2024-06-17,B,Welding,WeldUnitA,B85,P5,81.86,0.52,943.82,115.31,OK
2024-06-17,A,Casting,CastLine1,B40,P5,68.74,0.66,1050.18,112.72,OK
2024-06-18,C,Drilling,DrillX2,B93,P4,85.08,0.16,548.25,104.01,OK
2024-06-18,B,Drilling,DrillX2,B95,P5,60.64,0.58,580.6,79.46,OK
2024-06-18,C,Machining,CNC1,B53,P1,73.45,0.31,647.25,126.22,Chatter marks
2024-06-18,B,Drilling,DrillX1,B49,P2,66.26,0.57,908.33,63.53,OK
2024-06-18,C,Coating,CoatBooth2,B89,P4,73.91,0.21,993.52,107.86,OK
2024-06-18,C,Casting,CastLine2,B4,P1,66.8,0.73,731.67,86.19,Porosity
2024-06-18,C,Assembly,AssemLineB,B53,P1,74.93,0.24,1212.21,116.46,OK
2024-06-18,C,Packaging,PackLine2,B5,P3,71.95,0.42,1160.93,108.03,OK
2024-06-18,A,Coating,CoatBooth2,B98,P5,73.7,0.48,1257.48,117.45,OK
2024-06-18,B,Drilling,DrillX1,B48,P2,66.4,0.31,1085.97,73.59,OK
2024-06-18,C,Drilling,DrillX1,B85,P4,70.05,0.3,1171.63,107.7,OK
2024-06-18,A,Coating,CoatBooth2,B38,P1,68.0,0.76,1010.89,79.0,OK
2024-06-18,B,Casting,CastLine2,B45,P4,77.57,0.54,1074.61,96.98,OK
2024-06-18,B,Packaging,PackLine1,B55,P2,77.67,0.1,1166.58,115.34,OK
2024-06-18,A,Drilling,DrillX2,B97,P4,70.7,0.42,1061.05,92.36,OK
2024-06-18,B,Welding,WeldUnitB,B22,P5,66.42,0.35,1064.08,107.1,OK
2024-06-18,B,Packaging,PackLine2,B46,P4,74.71,0.41,1252.05,108.18,OK
2024-06-18,C,Welding,WeldUnitB,B78,P3,69.29,0.71,907.21,84.02,OK
2024-06-18,A,Assembly,AssemLineA,B39,P3,84.54,0.46,1234.88,123.45,OK
2024-06-18,C,Welding,WeldUnitB,B81,P1,67.78,0.58,848.22,131.24,OK
2024-06-19,C,Assembly,AssemLineB,B94,P2,60.33,0.14,1218.61,92.68,OK
2024-06-19,A,Assembly,AssemLineA,B43,P4,60.12,0.21,946.07,101.09,OK
2024-06-19,A,Welding,WeldUnitA,B92,P2,96.34,0.53,1342.42,97.14,OK
2024-06-19,A,Casting,CastLine2,B38,P4,61.81,0.48,787.66,107.37,OK
2024-06-19,B,Packaging,PackLine1,B88,P3,93.04,0.63,1053.36,90.61,OK
2024-06-19,B,Machining,CNC2,B93,P3,62.83,0.54,628.41,111.66,OK
2024-06-19,A,Machining,CNC2,B97,P1,64.98,0.35,1457.61,102.4,OK
2024-06-19,C,Machining,CNC1,B67,P2,73.28,0.41,1251.85,87.15,OK
2024-06-19,C,Assembly,AssemLineB,B76,P3,80.52,0.51,844.56,103.41,OK
2024-06-19,B,Drilling,DrillX1,B67,P2,87.53,0.7,1098.55,94.06,OK
2024-06-19,A,Casting,CastLine2,B2,P1,92.76,0.34,1078.66,83.54,OK
2024-06-19,C,Coating,CoatBooth1,B58,P5,59.14,0.48,739.64,98.39,Uneven coating
2024-06-19,C,Assembly,AssemLineB,B22,P3,70.35,0.45,1208.58,76.58,OK
2024-06-19,B,Packaging,PackLine1,B51,P5,71.08,0.6,957.76,133.69,OK
2024-06-19,C,Drilling,DrillX2,B45,P2,69.91,0.36,1213.0,96.65,OK
2024-06-19,C,Assembly,AssemLineA,B39,P2,67.9,0.53,692.72,109.93,OK
2024-06-19,A,Machining,CNC1,B17,P3,68.67,0.74,841.94,91.04,Chatter marks
2024-06-19,B,Packaging,PackLine1,B34,P5,86.93,0.66,1080.77,93.76,OK
2024-06-19,C,Welding,WeldUnitA,B91,P4,72.29,0.13,1080.2,86.96,OK
2024-06-19,C,Assembly,AssemLineA,B58,P2,63.15,0.52,1124.06,96.96,OK
2024-06-19,A,Assembly,AssemLineB,B79,P4,77.03,0.3,1357.93,80.8,OK
2024-06-19,B,Drilling,DrillX2,B35,P1,83.28,0.73,670.7,113.59,OK
2024-06-19,B,Coating,CoatBooth1,B58,P1,77.05,0.82,1144.66,114.52,OK
2024-06-19,C,Drilling,DrillX1,B23,P4,78.41,0.66,973.19,94.65,OK
2024-06-19,B,Packaging,PackLine2,B9,P3,63.32,0.26,1217.06,79.91,OK
2024-06-19,C,Drilling,DrillX2,B26,P2,56.92,0.15,1357.2,116.37,OK
2024-06-19,C,Coating,CoatBooth1,B74,P3,70.93,0.5,1094.57,118.07,Uneven coating
2024-06-20,C,Machining,CNC2,B17,P5,94.99,0.78,957.53,99.2,OK
2024-06-20,A,Packaging,PackLine1,B26,P4,50.16,0.31,898.63,112.87,OK
2024-06-20,C,Machining,CNC2,B97,P3,75.54,0.48,946.23,99.39,OK
2024-06-20,A,Coating,CoatBooth1,B79,P2,82.18,0.57,859.21,83.79,OK
2024-06-20,B,Coating,CoatBooth1,B24,P5,80.41,0.36,864.46,96.39,Paint chipping
2024-06-20,B,Coating,CoatBooth1,B18,P4,70.47,0.38,982.89,110.63,OK
2024-06-20,B,Welding,WeldUnitA,B38,P1,78.92,0.41,1166.7,73.85,OK
2024-06-20,B,Drilling,DrillX1,B94,P2,77.44,0.73,1311.25,54.12,OK
2024-06-20,B,Casting,CastLine2,B16,P1,72.82,0.48,1171.75,97.19,OK
2024-06-20,A,Assembly,AssemLineA,B100,P5,63.05,0.62,745.51,77.2,OK
2024-06-20,B,Packaging,PackLine1,B16,P1,95.83,0.48,854.94,94.53,Label misprint
2024-06-20,C,Packaging,PackLine1,B41,P5,82.31,0.42,816.25,70.08,OK
2024-06-20,A,Packaging,PackLine1,B2,P2,78.69,0.2,847.74,71.61,Label misprint
2024-06-20,C,Drilling,DrillX1,B54,P2,67.21,0.72,595.29,85.75,OK
2024-06-20,A,Assembly,AssemLineB,B82,P1,70.92,0.55,847.72,113.91,OK
2024-06-20,B,Coating,CoatBooth1,B24,P3,69.36,0.55,856.98,104.43,OK
2024-06-20,B,Welding,WeldUnitA,B62,P5,82.63,0.79,734.53,113.4,OK
2024-06-20,A,Machining,CNC1,B79,P3,77.57,0.66,737.78,122.48,OK
2024-06-20,C,Drilling,DrillX1,B8,P2,76.67,0.57,1018.78,117.86,Misaligned holes
2024-06-20,C,Machining,CNC2,B19,P1,74.96,0.77,886.22,113.79,OK
2024-06-20,A,Machining,CNC2,B9,P3,81.57,0.27,778.46,116.69,Excessive burrs
2024-06-20,B,Machining,CNC2,B29,P1,77.74,0.46,1447.61,87.71,OK
2024-06-20,A,Coating,CoatBooth2,B63,P4,89.6,0.4,881.79,113.37,OK
2024-06-20,A,Coating,CoatBooth2,B45,P3,90.1,0.44,611.42,89.72,OK
2024-06-20,C,Welding,WeldUnitA,B45,P2,80.8,0.47,998.01,118.81,OK
2024-06-20,C,Casting,CastLine2,B3,P4,86.86,0.77,1432.2,116.32,OK
2024-06-20,C,Assembly,AssemLineA,B77,P4,73.14,0.88,995.61,101.63,Loose joints
2024-06-20,C,Welding,WeldUnitA,B7,P5,82.77,0.57,1001.76,123.31,OK
2024-06-20,B,Drilling,DrillX2,B67,P4,83.61,0.34,1103.39,113.73,OK
2024-06-20,B,Drilling,DrillX2,B21,P2,85.89,0.07,1044.64,84.78,OK
2024-06-21,B,Drilling,DrillX2,B24,P2,59.08,0.7,800.47,101.82,OK
2024-06-21,C,Assembly,AssemLineA,B27,P1,76.28,0.22,810.29,126.1,OK
2024-06-21,B,Welding,WeldUnitA,B18,P2,82.75,0.52,1051.32,101.52,OK
2024-06-21,B,Drilling,DrillX1,B19,P5,77.78,0.55,883.44,93.39,OK
2024-06-21,A,Coating,CoatBooth2,B53,P5,83.49,0.63,1587.25,134.88,OK
2024-06-21,B,Casting,CastLine1,B58,P4,77.77,0.78,835.61,107.12,OK
2024-06-21,B,Packaging,PackLine1,B17,P3,71.84,0.64,1090.09,81.29,OK
2024-06-21,B,Coating,CoatBooth2,B50,P5,80.96,0.95,1077.83,119.93,OK
2024-06-21,C,Casting,CastLine2,B8,P5,88.02,0.6,832.27,86.47,Porosity
2024-06-21,B,Machining,CNC2,B27,P1,68.44,0.65,935.07,96.08,Excessive burrs
2024-06-21,A,Packaging,PackLine2,B6,P4,70.88,0.76,1079.06,94.36,OK
2024-06-21,A,Packaging,PackLine2,B38,P1,63.44,0.61,961.17,98.96,OK
2024-06-21,B,Drilling,DrillX1,B68,P3,68.72,0.53,994.35,106.65,OK
2024-06-21,C,Casting,CastLine1,B78,P3,74.49,0.55,751.2,93.01,OK
2024-06-21,C,Casting,CastLine1,B34,P4,49.85,0.39,1284.07,83.33,OK
2024-06-21,A,Coating,CoatBooth2,B42,P1,70.53,0.43,867.29,89.15,OK
2024-06-21,B,Assembly,AssemLineA,B61,P5,79.77,0.4,1004.54,121.21,Misfits
2024-06-21,B,Drilling,DrillX1,B64,P4,62.65,0.73,1056.42,84.61,OK
2024-06-21,C,Casting,CastLine1,B90,P3,87.04,0.45,1185.43,118.25,OK
2024-06-21,A,Packaging,PackLine1,B37,P1,63.18,0.74,994.49,107.93,OK
2024-06-21,B,Coating,CoatBooth2,B29,P3,80.31,0.51,1175.96,119.65,OK
2024-06-21,A,Assembly,AssemLineA,B39,P5,74.3,0.16,1010.11,68.13,OK
2024-06-21,B,Drilling,DrillX2,B82,P3,71.66,0.23,1095.63,117.73,OK
2024-06-21,B,Casting,CastLine2,B3,P4,74.76,0.43,1178.99,128.42,OK
2024-06-21,A,Welding,WeldUnitA,B72,P4,73.49,0.47,769.47,81.02,OK
2024-06-21,A,Machining,CNC1,B89,P2,75.36,0.62,947.79,87.26,OK
2024-06-21,A,Assembly,AssemLineA,B31,P4,82.33,0.56,899.6,104.56,OK
2024-06-21,B,Drilling,DrillX2,B64,P4,88.99,0.8,1101.58,79.51,Tool wear
2024-06-21,B,Drilling,DrillX1,B92,P5,86.1,0.56,1158.45,113.46,OK
2024-06-21,B,Packaging,PackLine2,B61,P4,68.26,0.24,892.95,113.59,Seal failure
2024-06-22,A,Drilling,DrillX1,B25,P1,66.09,0.49,850.11,90.14,OK
2024-06-22,B,Coating,CoatBooth2,B26,P3,95.67,0.64,925.18,88.57,OK
2024-06-22,B,Assembly,AssemLineB,B38,P5,87.35,0.27,704.3,110.05,OK
2024-06-22,A,Machining,CNC1,B10,P4,70.5,0.22,820.19,107.3,OK
2024-06-22,A,Coating,CoatBooth1,B17,P4,74.77,0.53,1195.81,90.47,OK
2024-06-22,C,Packaging,PackLine2,B46,P5,75.09,0.45,1156.88,110.05,OK
2024-06-22,A,Drilling,DrillX2,B4,P2,72.78,0.81,1023.43,114.74,OK
2024-06-22,B,Packaging,PackLine2,B87,P3,83.13,0.33,1093.04,103.8,OK
2024-06-22,B,Assembly,AssemLineA,B6,P1,83.21,0.31,1311.6,76.55,OK
2024-06-22,A,Welding,WeldUnitA,B57,P5,89.43,0.69,1262.7,84.98,OK
2024-06-22,C,Drilling,DrillX1,B27,P5,85.66,0.36,1209.44,111.46,OK
2024-06-22,B,Coating,CoatBooth2,B16,P3,72.07,0.58,930.04,104.96,Uneven coating
2024-06-22,C,Coating,CoatBooth2,B23,P2,66.91,0.35,663.42,101.22,Paint chipping
2024-06-22,C,Machining,CNC1,B19,P2,55.6,0.3,1219.2,102.94,OK
2024-06-22,A,Casting,CastLine1,B51,P5,69.87,0.2,1071.41,101.23,OK
2024-06-22,B,Drilling,DrillX1,B52,P3,79.58,0.83,654.61,130.46,OK
2024-06-22,B,Machining,CNC1,B99,P3,94.47,0.44,799.49,60.13,OK
2024-06-22,C,Welding,WeldUnitB,B33,P3,70.92,0.49,841.7,82.2,OK
2024-06-22,B,Welding,WeldUnitA,B27,P2,85.84,0.36,881.81,95.08,OK
2024-06-22,B,Drilling,DrillX2,B16,P4,58.1,0.52,650.18,96.66,OK
2024-06-23,A,Machining,CNC2,B38,P2,63.23,0.29,869.08,85.95,OK
2024-06-23,A,Assembly,AssemLineB,B77,P3,73.17,0.26,1276.74,122.67,Loose joints
2024-06-23,A,Machining,CNC2,B34,P2,90.98,0.68,1037.19,112.53,OK
2024-06-23,A,Machining,CNC1,B97,P3,67.26,0.37,943.2,98.67,OK
2024-06-23,B,Drilling,DrillX1,B54,P1,77.14,0.43,1126.34,108.84,Tool wear
2024-06-23,B,Coating,CoatBooth2,B96,P3,66.75,0.61,1129.97,94.02,OK
2024-06-23,B,Machining,CNC1,B24,P5,75.55,0.52,792.95,136.91,OK
2024-06-23,B,Welding,WeldUnitA,B60,P3,94.03,0.62,1086.95,86.57,OK
2024-06-23,C,Packaging,PackLine2,B98,P3,68.54,0.38,1263.09,121.41,OK
2024-06-23,C,Drilling,DrillX1,B39,P1,66.91,0.14,1173.12,59.49,OK
2024-06-23,A,Casting,CastLine2,B88,P1,66.87,0.72,1002.09,100.15,OK
2024-06-23,A,Machining,CNC2,B35,P2,72.3,0.59,866.96,131.25,OK
2024-06-23,A,Coating,CoatBooth1,B46,P1,83.73,0.52,1017.74,107.04,OK
2024-06-23,B,Welding,WeldUnitB,B87,P1,68.23,0.33,1287.34,80.64,OK
2024-06-23,C,Coating,CoatBooth1,B77,P2,92.59,0.66,1146.59,102.03,OK
2024-06-23,A,Assembly,AssemLineA,B25,P3,82.1,0.52,845.19,121.22,OK
2024-06-23,B,Casting,CastLine1,B97,P3,65.43,0.34,955.45,93.18,OK
2024-06-23,C,Machining,CNC2,B81,P5,75.73,0.56,1264.42,134.43,OK
2024-06-23,B,Assembly,AssemLineA,B46,P5,75.25,0.29,1165.14,103.53,OK
2024-06-23,A,Drilling,DrillX1,B26,P4,82.42,0.73,911.07,101.15,OK
2024-06-23,B,Packaging,PackLine2,B5,P4,53.47,0.77,1211.1,94.04,OK
2024-06-23,A,Packaging,PackLine2,B96,P5,73.49,0.51,793.62,74.6,OK
2024-06-23,B,Drilling,DrillX1,B97,P3,61.1,0.18,825.29,111.51,OK
2024-06-23,B,Casting,CastLine2,B44,P2,61.79,0.4,1307.15,71.86,OK
2024-06-24,C,Packaging,PackLine2,B56,P2,69.52,0.48,1034.51,124.96,Label misprint
2024-06-24,A,Packaging,PackLine2,B12,P4,86.02,0.61,1274.33,100.06,OK
2024-06-24,C,Machining,CNC2,B97,P3,76.28,0.64,1532.0,124.93,OK
2024-06-24,A,Welding,WeldUnitA,B47,P4,65.84,0.54,1251.02,80.45,OK
2024-06-24,C,Assembly,AssemLineB,B38,P2,69.46,0.41,1013.75,113.79,OK
2024-06-24,C,Drilling,DrillX1,B63,P2,80.82,0.74,1135.4,111.04,Tool wear
2024-06-24,B,Coating,CoatBooth1,B27,P3,76.49,0.45,1152.64,98.56,OK
2024-06-24,A,Welding,WeldUnitA,B88,P2,87.44,0.33,841.38,81.4,OK
2024-06-24,A,Welding,WeldUnitB,B19,P5,70.39,0.4,1054.25,116.63,OK
2024-06-24,B,Casting,CastLine2,B81,P4,81.21,0.48,1071.61,95.06,OK
2024-06-24,B,Coating,CoatBooth2,B95,P2,66.78,0.39,571.83,110.49,OK
2024-06-24,C,Drilling,DrillX2,B36,P4,73.22,0.4,1127.18,118.58,OK
2024-06-24,A,Drilling,DrillX2,B52,P2,61.72,0.52,1038.34,116.74,OK
2024-06-24,A,Packaging,PackLine1,B26,P1,84.67,0.66,854.01,98.06,OK
2024-06-24,B,Casting,CastLine1,B79,P1,48.36,0.27,1308.25,101.07,OK
2024-06-24,A,Packaging,PackLine1,B55,P2,93.38,0.77,942.6,79.69,OK
2024-06-24,C,Drilling,DrillX2,B15,P2,68.86,0.58,843.5,95.16,OK
2024-06-24,C,Drilling,DrillX1,B94,P1,82.38,0.24,948.45,95.77,OK
2024-06-24,B,Packaging,PackLine2,B75,P5,79.08,0.57,613.11,90.79,OK
2024-06-24,A,Packaging,PackLine1,B99,P2,99.97,0.64,751.22,98.77,OK
2024-06-24,A,Welding,WeldUnitA,B7,P2,67.99,0.55,1027.56,102.65,OK
2024-06-24,B,Assembly,AssemLineB,B35,P4,77.11,0.6,751.86,116.18,OK
2024-06-24,C,Assembly,AssemLineB,B77,P4,74.47,0.8,1013.4,126.8,Misfits
2024-06-24,A,Coating,CoatBooth1,B64,P1,89.52,0.21,871.06,94.04,Uneven coating
2024-06-24,C,Drilling,DrillX1,B66,P2,54.58,0.23,1253.06,100.89,Misaligned holes
2024-06-24,B,Coating,CoatBooth2,B2,P3,53.9,0.58,1220.93,83.57,OK
2024-06-24,C,Casting,CastLine2,B57,P5,83.69,0.61,740.44,93.72,OK
2024-06-25,C,Machining,CNC1,B84,P2,73.75,0.55,888.47,106.33,OK
2024-06-25,B,Casting,CastLine2,B6,P1,89.63,0.89,1037.59,90.63,OK
2024-06-25,A,Coating,CoatBooth2,B51,P5,78.74,0.77,1156.94,103.69,OK
2024-06-25,B,Coating,CoatBooth2,B94,P2,80.53,0.17,1077.51,130.86,OK
2024-06-25,C,Welding,WeldUnitA,B19,P2,71.06,0.83,1023.86,99.68,OK
2024-06-25,C,Welding,WeldUnitA,B96,P1,87.93,0.64,1015.33,98.64,Cracks
2024-06-25,B,Coating,CoatBooth1,B89,P4,78.07,0.61,1062.89,80.51,Uneven coating
2024-06-25,C,Casting,CastLine1,B6,P5,62.54,0.52,879.79,94.87,OK
2024-06-25,A,Welding,WeldUnitB,B31,P5,77.89,0.34,929.25,114.57,OK
2024-06-25,C,Welding,WeldUnitB,B88,P5,71.92,0.41,1078.35,113.75,OK
2024-06-25,A,Coating,CoatBooth1,B11,P5,92.45,0.48,827.18,81.46,OK
2024-06-25,A,Drilling,DrillX1,B33,P1,78.1,0.54,1048.39,91.95,OK
2024-06-25,C,Drilling,DrillX1,B64,P4,74.75,0.38,805.47,104.96,OK
2024-06-25,B,Packaging,PackLine1,B10,P2,70.52,0.75,997.96,106.96,OK
2024-06-25,C,Drilling,DrillX2,B93,P5,50.14,0.51,742.39,102.08,Misaligned holes
2024-06-25,B,Drilling,DrillX1,B79,P4,72.92,0.67,816.08,89.91,OK
2024-06-25,C,Assembly,AssemLineB,B48,P3,64.77,0.7,1091.51,102.9,OK
2024-06-25,C,Assembly,AssemLineA,B85,P5,69.37,0.29,901.4,104.92,OK
2024-06-25,C,Machining,CNC1,B36,P5,101.42,0.35,557.79,89.0,OK
2024-06-25,A,Welding,WeldUnitA,B54,P1,67.71,0.46,1355.56,108.35,OK
2024-06-25,A,Coating,CoatBooth2,B64,P4,84.92,0.59,1326.2,109.06,OK
2024-06-25,B,Packaging,PackLine1,B41,P3,86.96,0.68,835.88,98.69,OK
2024-06-25,C,Machining,CNC2,B42,P3,86.08,0.66,832.57,84.31,OK
2024-06-26,B,Coating,CoatBooth2,B59,P3,74.39,0.58,1113.26,117.56,Uneven coating
2024-06-26,B,Drilling,DrillX2,B98,P1,67.61,0.72,1279.4,80.85,OK
2024-06-26,A,Welding,WeldUnitB,B19,P1,70.67,0.48,1197.65,109.43,OK
2024-06-26,C,Machining,CNC1,B21,P3,83.0,0.46,1159.3,100.35,OK
2024-06-26,A,Packaging,PackLine1,B54,P5,79.39,0.2,604.54,98.85,OK
2024-06-26,B,Machining,CNC2,B93,P1,92.5,0.37,900.96,110.83,OK
2024-06-26,B,Machining,CNC2,B9,P1,81.35,0.58,1076.77,92.6,OK
2024-06-26,B,Casting,CastLine1,B1,P4,85.81,0.68,1027.98,99.64,OK
2024-06-26,B,Coating,CoatBooth2,B61,P5,62.94,0.92,1233.98,107.73,OK
2024-06-26,B,Welding,WeldUnitB,B7,P3,79.53,0.84,1023.41,106.72,OK
2024-06-26,A,Casting,CastLine2,B56,P2,71.08,0.41,1301.17,102.48,OK
2024-06-26,A,Machining,CNC1,B74,P4,69.92,0.76,886.82,84.94,OK
2024-06-26,A,Drilling,DrillX2,B58,P1,79.7,0.92,1165.87,117.94,OK
2024-06-26,B,Coating,CoatBooth1,B27,P3,58.64,0.54,882.83,148.88,OK
2024-06-26,A,Machining,CNC1,B46,P4,73.18,0.58,852.55,91.37,OK
2024-06-26,A,Welding,WeldUnitB,B27,P5,88.74,0.11,1003.63,86.94,Incomplete fusion
2024-06-26,A,Casting,CastLine1,B31,P1,75.66,0.57,1090.8,97.82,OK
2024-06-26,C,Machining,CNC2,B67,P3,65.35,0.56,1065.05,95.4,OK
2024-06-26,B,Packaging,PackLine2,B8,P1,67.07,0.64,1124.11,98.26,OK
2024-06-26,B,Machining,CNC1,B71,P5,67.82,0.67,619.4,107.8,OK
2024-06-26,C,Drilling,DrillX2,B35,P4,86.32,0.3,1183.18,93.85,OK
2024-06-26,B,Assembly,AssemLineA,B12,P3,83.34,0.81,720.31,111.92,OK
2024-06-26,B,Machining,CNC2,B35,P3,61.38,0.49,1163.95,119.05,OK
2024-06-26,C,Coating,CoatBooth2,B30,P2,73.85,0.25,884.92,103.8,OK
2024-06-26,A,Packaging,PackLine1,B60,P1,69.33,0.37,1121.48,77.66,Seal failure
2024-06-26,C,Welding,WeldUnitB,B4,P1,75.22,0.4,689.67,98.59,OK
2024-06-26,C,Casting,CastLine1,B54,P3,80.36,0.46,1034.0,68.33,OK
2024-06-27,C,Drilling,DrillX2,B9,P2,91.81,0.41,970.83,107.14,OK
2024-06-27,B,Packaging,PackLine2,B50,P2,80.19,0.39,715.89,116.69,OK
2024-06-27,B,Packaging,PackLine2,B57,P3,76.64,0.39,979.85,96.51,OK
2024-06-27,A,Coating,CoatBooth2,B32,P5,75.25,0.29,984.82,110.87,Paint chipping
2024-06-27,B,Coating,CoatBooth2,B47,P4,68.05,0.58,1204.88,123.08,OK
2024-06-27,B,Packaging,PackLine1,B59,P5,57.69,0.36,1025.61,133.33,OK
2024-06-27,B,Coating,CoatBooth2,B1,P2,87.43,0.64,1070.18,121.32,OK
2024-06-27,B,Machining,CNC1,B82,P2,85.55,0.5,1155.26,133.01,OK
2024-06-27,C,Packaging,PackLine1,B17,P2,68.17,0.54,841.25,128.53,OK
2024-06-27,B,Packaging,PackLine1,B40,P2,85.48,0.26,806.3,76.84,OK
2024-06-27,B,Coating,CoatBooth2,B72,P2,69.53,0.82,879.77,73.25,OK
2024-06-27,C,Packaging,PackLine1,B60,P5,60.0,0.53,1087.55,101.42,OK
2024-06-27,A,Packaging,PackLine1,B70,P5,75.03,0.33,588.92,113.41,OK
2024-06-27,A,Welding,WeldUnitB,B90,P2,62.37,0.6,921.48,96.27,Weld joint failure
2024-06-27,B,Coating,CoatBooth1,B74,P3,77.73,0.67,1064.69,86.49,OK
2024-06-27,A,Coating,CoatBooth1,B100,P3,73.79,0.56,1456.34,79.04,OK
2024-06-27,B,Machining,CNC1,B47,P1,66.9,0.46,977.27,84.44,OK
2024-06-27,B,Assembly,AssemLineA,B88,P1,90.16,0.63,1390.65,89.36,OK
2024-06-27,B,Coating,CoatBooth2,B25,P1,81.44,0.71,795.99,121.24,OK
2024-06-27,B,Packaging,PackLine2,B29,P4,52.65,0.98,869.5,95.79,Seal failure
2024-06-27,C,Welding,WeldUnitA,B79,P4,80.39,0.53,1037.84,79.29,OK
2024-06-27,B,Machining,CNC1,B47,P4,64.01,0.47,527.86,118.14,Excessive burrs
2024-06-27,B,Casting,CastLine2,B23,P1,62.71,0.68,980.37,115.09,OK
2024-06-27,A,Drilling,DrillX1,B86,P2,91.84,0.31,1076.13,117.77,OK
2024-06-27,C,Casting,CastLine2,B28,P2,59.26,0.64,1154.88,63.55,OK
2024-06-27,B,Welding,WeldUnitA,B84,P1,74.94,1.06,1423.23,123.27,Incomplete fusion
2024-06-28,A,Drilling,DrillX2,B57,P4,83.66,0.94,936.81,82.57,OK
2024-06-28,A,Coating,CoatBooth1,B23,P5,85.0,0.59,1086.77,110.66,OK
2024-06-28,C,Casting,CastLine2,B19,P3,87.42,0.71,938.14,101.24,OK
2024-06-28,C,Drilling,DrillX1,B43,P3,77.92,0.38,912.7,113.18,OK
2024-06-28,C,Drilling,DrillX1,B25,P3,89.37,0.65,1042.77,89.53,OK
2024-06-28,C,Machining,CNC2,B27,P4,91.82,0.58,541.44,74.19,OK
2024-06-28,C,Assembly,AssemLineB,B47,P5,68.9,0.26,937.38,126.46,OK
2024-06-28,C,Machining,CNC2,B89,P3,67.18,0.63,980.75,78.29,OK
2024-06-28,A,Drilling,DrillX2,B51,P3,71.29,0.68,826.77,107.66,OK
2024-06-28,C,Assembly,AssemLineA,B60,P4,85.25,0.34,792.39,93.48,OK
2024-06-28,A,Welding,WeldUnitA,B94,P2,58.58,0.61,839.05,81.8,OK
2024-06-28,A,Casting,CastLine1,B13,P3,82.83,0.55,878.68,101.38,OK
2024-06-28,A,Coating,CoatBooth1,B7,P1,83.18,0.05,907.26,122.69,OK
2024-06-28,C,Machining,CNC1,B33,P2,81.03,0.41,1000.96,131.4,OK
2024-06-28,B,Assembly,AssemLineB,B98,P2,73.49,0.16,936.53,98.37,OK
2024-06-28,A,Assembly,AssemLineA,B73,P1,70.12,0.51,1368.47,107.28,OK
2024-06-28,A,Casting,CastLine2,B58,P4,74.21,0.45,918.91,138.86,OK
2024-06-28,C,Assembly,AssemLineB,B52,P3,65.06,0.66,731.25,88.36,Misfits
2024-06-28,B,Assembly,AssemLineA,B87,P1,77.56,0.45,873.53,104.26,OK
2024-06-28,B,Packaging,PackLine1,B12,P1,94.56,0.47,992.97,78.09,OK
2024-06-28,A,Machining,CNC2,B12,P5,73.39,0.26,1133.28,96.7,OK
2024-06-28,C,Packaging,PackLine1,B13,P5,68.12,0.74,1058.46,89.86,OK
2024-06-28,B,Packaging,PackLine1,B23,P4,81.48,0.4,774.42,93.07,OK
2024-06-28,C,Machining,CNC2,B72,P3,76.19,0.65,745.51,132.52,OK
2024-06-28,C,Coating,CoatBooth2,B40,P1,94.71,0.5,1335.8,97.64,OK
2024-06-28,B,Coating,CoatBooth2,B37,P1,56.21,0.57,1258.31,103.94,OK
2024-06-28,B,Casting,CastLine1,B71,P3,89.51,0.47,751.77,99.91,OK
2024-06-28,A,Casting,CastLine2,B94,P4,68.47,0.82,1362.21,82.98,OK
2024-06-28,C,Machining,CNC1,B42,P3,76.49,0.69,867.82,94.58,OK
2024-06-28,B,Welding,WeldUnitA,B42,P2,74.04,0.87,726.35,107.17,OK
2024-06-29,B,Assembly,AssemLineA,B7,P4,73.85,0.77,632.29,93.77,Loose joints
2024-06-29,B,Casting,CastLine2,B79,P5,78.15,0.88,841.38,94.36,OK
2024-06-29,B,Casting,CastLine1,B26,P2,83.62,0.6,924.63,113.96,OK
2024-06-29,A,Assembly,AssemLineB,B5,P1,72.48,0.45,722.8,69.25,OK
2024-06-29,B,Assembly,AssemLineB,B98,P5,76.62,0.29,986.56,65.95,OK
2024-06-29,B,Welding,WeldUnitA,B46,P5,72.61,0.26,1093.25,104.55,OK
2024-06-29,B,Assembly,AssemLineB,B33,P5,78.48,0.7,897.77,106.92,OK
2024-06-29,B,Drilling,DrillX2,B12,P1,56.86,0.24,1262.5,102.28,OK
2024-06-29,B,Machining,CNC1,B4,P4,64.17,0.67,1185.27,81.86,OK
2024-06-29,A,Casting,CastLine2,B89,P4,89.62,0.26,1050.39,95.88,OK
2024-06-29,B,Machining,CNC2,B12,P3,58.86,0.25,677.49,126.16,OK
2024-06-29,B,Welding,WeldUnitA,B88,P3,85.73,0.91,1013.65,121.24,OK
2024-06-29,B,Welding,WeldUnitB,B9,P3,87.96,0.33,1018.78,118.7,Weld joint failure
2024-06-29,C,Welding,WeldUnitA,B66,P1,95.17,0.74,731.39,115.4,OK
2024-06-29,A,Machining,CNC2,B74,P2,71.11,0.44,1183.14,83.97,OK
2024-06-29,C,Packaging,PackLine2,B11,P1,76.34,0.38,908.53,112.68,OK
2024-06-29,C,Coating,CoatBooth1,B79,P4,76.04,0.57,852.22,106.43,OK
2024-06-29,B,Welding,WeldUnitB,B24,P5,73.89,0.48,1166.92,96.98,OK
2024-06-29,A,Packaging,PackLine2,B40,P2,74.72,0.56,1497.83,110.12,OK
2024-06-29,B,Coating,CoatBooth2,B21,P4,91.19,0.45,967.87,110.25,OK
2024-06-29,C,Packaging,PackLine1,B15,P5,90.35,0.39,1104.5,115.04,OK
2024-06-29,C,Welding,WeldUnitB,B20,P3,66.77,-0.01,775.72,114.31,OK
2024-06-29,C,Machining,CNC2,B1,P4,83.76,0.87,846.49,113.12,OK
2024-06-29,A,Casting,CastLine2,B79,P2,62.69,0.6,466.54,96.58,OK
2024-06-29,C,Welding,WeldUnitB,B93,P1,65.19,0.44,888.9,123.66,OK
2024-06-29,B,Machining,CNC1,B56,P5,74.46,0.31,828.67,110.81,OK
2024-06-29,C,Drilling,DrillX1,B50,P5,73.1,0.36,1087.86,83.28,OK
2024-06-29,B,Packaging,PackLine1,B68,P3,72.83,0.82,1149.66,124.25,OK
2024-06-29,C,Casting,CastLine1,B75,P5,71.16,0.66,1175.39,89.46,OK
2024-06-30,B,Assembly,AssemLineB,B37,P3,104.91,0.18,698.24,83.86,Misfits
2024-06-30,A,Coating,CoatBooth1,B29,P5,87.8,0.77,1069.85,85.06,OK
2024-06-30,C,Machining,CNC1,B37,P1,86.63,0.81,547.96,101.06,OK
2024-06-30,B,Drilling,DrillX2,B30,P5,57.71,0.48,829.97,104.77,OK
2024-06-30,A,Drilling,DrillX1,B48,P2,68.93,0.5,1036.97,62.62,OK
2024-06-30,A,Packaging,PackLine1,B23,P2,105.52,0.52,910.18,94.04,OK
2024-06-30,C,Machining,CNC1,B87,P1,61.73,0.48,695.21,83.0,OK
2024-06-30,C,Casting,CastLine2,B12,P1,69.84,0.79,743.7,105.91,OK
2024-06-30,A,Machining,CNC1,B23,P3,80.8,0.47,908.11,100.01,OK
2024-06-30,A,Coating,CoatBooth2,B51,P2,84.77,0.79,886.86,104.77,OK
2024-06-30,C,Coating,CoatBooth1,B57,P2,85.96,0.68,1020.84,95.57,OK
2024-06-30,C,Coating,CoatBooth2,B57,P4,71.74,0.29,946.07,112.0,Paint chipping
2024-06-30,A,Coating,CoatBooth1,B68,P3,65.25,0.65,1003.12,87.23,OK
2024-06-30,C,Welding,WeldUnitA,B7,P5,82.38,0.4,1209.6,137.56,OK
2024-06-30,C,Machining,CNC1,B33,P3,75.41,0.75,847.82,73.48,OK
2024-06-30,C,Machining,CNC1,B17,P3,70.76,0.18,806.41,116.26,OK
2024-06-30,A,Packaging,PackLine2,B24,P3,60.57,0.66,748.91,128.23,OK
2024-06-30,A,Casting,CastLine1,B45,P1,86.75,0.55,990.56,77.11,OK
2024-06-30,B,Machining,CNC1,B43,P1,86.59,0.71,1167.84,93.11,OK
2024-06-30,B,Packaging,PackLine2,B94,P3,65.2,0.67,1019.99,85.6,OK
2024-06-30,B,Machining,CNC2,B70,P1,68.06,0.35,851.62,114.78,OK
2024-06-30,A,Welding,WeldUnitA,B6,P5,80.68,0.38,1022.64,93.01,OK
2024-06-30,C,Packaging,PackLine2,B14,P1,73.31,0.49,1335.21,82.19,OK
2024-06-30,B,Drilling,DrillX2,B52,P5,59.3,0.26,1355.29,91.9,OK
2024-06-30,A,Coating,CoatBooth2,B5,P1,72.58,0.87,965.6,103.07,OK
2024-06-30,B,Casting,CastLine1,B96,P3,50.6,0.42,1262.05,105.92,OK
2024-06-30,A,Assembly,AssemLineB,B5,P5,64.22,0.85,1169.65,103.24,OK
